,en,ru,pt-br,es-es,de,fr-fr,it,pl,zh-cn,jp,ko,,NOTES – use \n for newline,max length
n40_GUN_bolter_generic,Bolter,,,,,,,,,,,,,
n40_GUN_bolter_generic_,"The Bolter, also called a Boltgun, and its variants are some of the most powerful, hand-held, ballistic anti-personnel weaponry in use by the military forces of the Imperium of Man. It is chambered in .998 calibre and capable of fully automatic fire.",,,,,,,,,,,,,
n40_GUN_bolter_combimelta,Betrayer's Bane,,,,,,,,,,,,,
n40_GUN_bolter_combimelta_,"Betrayer's Bane is one of the many patterns of the standard Boltgun. A masterpiece of enginering, it somehow manages to combine a fully functional Bolter and a modified version of the Melta-Cutter in a single handheld device. Use [RMB] for the secondary fire mode.",,,,,,,,,,,,,
n40_GUN_bolter_incendiary,Drake's Roar,,,,,,,,,,,,,
n40_GUN_bolter_incendiary_,"Drake's Roar is one of the many patterns of the standard Boltgun. It features slightly redesigned exterior while keeping near indetical to the original model insides, that were only slightly tweaked to operate flawlessly with the Inferno rounds - its default ammunition.",,,,,,,,,,,,,
n40_GUN_bolter_rapid,Octavio's Burden,,,,,,,,,,,,,
n40_GUN_bolter_rapid_,"Octavio's Burden is one of the many patterns of the standard Boltgun. This one has a Canticle of Unceasing Service inscribed which grants it a unique ability of condencing the power of the Black Rage into blood-like substance that constantly lubricates the mechanism improving the rate of fire.",,,,,,,,,,,,,
n40_GUN_bolter_archeo,Ravenwing Bolter,,,,,,,,,,,,,
n40_GUN_bolter_archeo_,"Ravenwing Bolter utilises a special type of ammunition, Stasis rounds, that are able to momentarily halt the flow of time in the surrounding area to stun and desorient the foe.",,,,,,,,,,,,,
n40_GUN_bolter_stalker,Stalker Bolter,,,,,,,,,,,,,
n40_GUN_bolter_stalker_,"Incredibly accurate and powerful yet still compact and reliable sniper-grade pattern of the standard Bolter design. It's uses .998 armour-piercing rounds with extended casing and comes with a scope that can be accessed via the [RMB].",,,,,,,,,,,,,
n40_GUN_volkite_pistol,Volkite Caliver,,,,,,,,,,,,,
n40_GUN_volkite_pistol_,"Volkite Weapons are a type of beam weapon developed during the Dark Age of Technology. They produce a deflagrating attack, in which subsonic combustion caused by a beam of thermal energy propagated through a target material by thermodynamic heat transfer so that hot burning matter heates the next layer of cold material and ignites it.",,,,,,,,,,,,,

n40_GUN_bolter_rifle,Bolt Rifle,,,,,,,,,,,,,
n40_GUN_bolter_rifle_,"An anti-armour semi-automatic bolter variant chambered in 50mm. Comes with an attached bayonet intended for jumppack charges.",,,,,,,,,,,,,
n40_GUN_darkfire_rifle,Darkfire Rifle,,,,,,,,,,,,,
n40_GUN_darkfire_rifle_,"Photon Thruster Weapons unleash a howling needle-thin beam of blackness able to pierce through the densest matters and easily rip the most heavily armoured men and machines apart. This model is appeared to be a downscaled Darkfire Cannon, a superheavy vehicle-mounted weapon. It seems that the darkfire beam interacts with this world in strange ways - stay vigilant.",,,,,,,,,,,,,

n40_GUN_sword_chain,Chainsword,,,,,,,,,,,,,
n40_GUN_sword_chain_,"The Chainsword is the preferred close combat melee weapon of many of the military forces of the Imperium of Man. It is essentially a sword with powered teeth that run along a single-edged blade like that of a chainsaw. Most versions of the weapon make use of monomolecularly-edged or otherwise razor-sharp teeth.",,,,,,,,,,,,,
n40_GUN_sword_sollex,Sollex-Aegis Energy Blade,,,,,,,,,,,,,
n40_GUN_sword_sollex_,"This weapon is a product of information obtained from the Aegis Data Fragments and utilises the properties of the Sollex focusing crystals. It is the one of the rarest type of weapons in the Imperium, a blade of coherent high-energy plasma which materialises from the armoured hilt as a blazing, roaring column of blue-white fire. Use [RMB] to activate it and [LMB] to swing.",,,,,,,,,,,,,

n40_GUN_melta_cutter,Melta-Cutter,,,,,,,,,,,,,
n40_GUN_melta_cutter_,"Melta Weapons are a type of thermal weapons that make use of a sub-atomic reaction in a chemical fuel source to produce a tightly-focused beam of intense, searing heat. This version was primarily designed for demolition work - not for actual combat, as Metlaguns were, but will still perform exceptionally in a CQC.",,,,,,,,,,,,,
n40_GUN_lasgun_mitra,Mitralock,,,,,,,,,,,,,
n40_GUN_lasgun_mitra_,"Mitralocks are a type of Las-weapon used by the Adeptus Mechanicus. They release a fan of las-pulses akin to a shotgun blast. The firing range is reduced in favour of an increased likelihood of injuring their targets and way higher anti-material damage. Their beams evaporate surface layer of the metals turning it into the mirror that drastically increases internal structural damage.",,,,,,,,,,,,,



n40_ITEM_grenade_he,grenade,,,,,,,,,,,,,
n40_ITEM_grenade_he_,grenade,,,,,,,,,,,,,
n40_ITEM_grenade_hei,grenade,,,,,,,,,,,,,
n40_ITEM_grenade_hei_,grenade,,,,,,,,,,,,,
n40_ITEM_grenade_flashbang,grenade,,,,,,,,,,,,,
n40_ITEM_grenade_flashbang_,grenade,,,,,,,,,,,,,
n40_ITEM_grenade_arc,grenade,,,,,,,,,,,,,
n40_ITEM_grenade_arc_,grenade,,,,,,,,,,,,,
n40_ITEM_grenade_ruptor,grenade,,,,,,,,,,,,,
n40_ITEM_grenade_ruptor_,grenade,,,,,,,,,,,,,

n40_ITEM_keg,keg,,,,,,,,,,,,,
n40_ITEM_keg_,keg,,,,,,,,,,,,,



n40_EQUIPMENT_shield_s,shield,,,,,,,,,,,,,
n40_EQUIPMENT_shield_s_,shield,,,,,,,,,,,,,
n40_EQUIPMENT_refractor,Refractor Field,,,,,,,,,,,,,
n40_EQUIPMENT_refractor_,"Refractor Field distorts the image of the wearer with a shimmering cloak of gravitic force. Incoming attacks that strike the shield will be refracted into multi-spectrum bursts that dissipate into harmlessness.",,,,,,,,,,,,,

n40_EQUIPMENT_jumppack,jumppack,,,,,,,,,,,,,
n40_EQUIPMENT_jumppack_,jumppack,,,,,,,,,,,,,
n40_EQUIPMENT_jumppack_upgrade,jumppack upgrade,,,,,,,,,,,,,
n40_EQUIPMENT_jumppack_upgrade_,jumppack upgrade,,,,,,,,,,,,,

n40_EQUIPMENT_servoskull,Servo-skull,,,,,,,,,,,,,
n40_EQUIPMENT_servoskull_,"A Servo-skull is a drone-like robotic device that appears to be a human skull outfitted with electronic or cybernetic components that utilise embedded anti-gravity field generators to allow them to hover and drift bodiless through the air. Your model was drastically redesigned to better serve its master: it is able to perform low level operations with highly hazardous xenotech, store certain types of data and process any matter into its basic components. You may interact with the red buttons on the servointerface via the [RMB].",,,,,,,,,,,,,
n40_EQUIPMENT_osculant_device,osculant device,,,,,,,,,,,,,
n40_EQUIPMENT_osculant_device_,osculant device,,,,,,,,,,,,,



n40_PERK_armor_mk7_ultramarine,Mark VII Power Armour,,,,,,,,,,,,,
n40_PERK_armor_mk7_ultramarine_,"This version of basic power armour was also known as Imperator Armour. It is the contemporary variant of power armour most commonly used by the Space Marine Chapters of the Imperium. Mark VII armour was developed during the last stages of the Horus Heresy, and remains in use as the most common form of power armour more than 10 millennia later. A warrior's faith in his commander is his best armour and his strongest weapon.",,,,,,,,,,,,,
n40_PERK_armor_mk7_blood_angel,Mark VII Power Armour,,,,,,,,,,,,,
n40_PERK_armor_mk7_blood_angel_,Mark VII Power Armour,,,,,,,,,,,,,
n40_PERK_armor_mk7_imperial_fist,Mark VII Power Armour,,,,,,,,,,,,,
n40_PERK_armor_mk7_imperial_fist_,Mark VII Power Armour,,,,,,,,,,,,,
n40_PERK_armor_mk7_white_scar,Mark VII Power Armour,,,,,,,,,,,,,
n40_PERK_armor_mk7_white_scar_,Mark VII Power Armour,,,,,,,,,,,,,
n40_PERK_armor_mk7_iron_hand,Mark VII Power Armour,,,,,,,,,,,,,
n40_PERK_armor_mk7_iron_hand_,Mark VII Power Armour,,,,,,,,,,,,,
n40_PERK_armor_mk7_space_wolf,Mark VII Power Armour,,,,,,,,,,,,,
n40_PERK_armor_mk7_space_wolf_,Mark VII Power Armour,,,,,,,,,,,,,
n40_PERK_armor_mk7_salamander,Mark VII Power Armour,,,,,,,,,,,,,
n40_PERK_armor_mk7_salamander_,Mark VII Power Armour,,,,,,,,,,,,,
n40_PERK_armor_mk7_raven_guard,Mark VII Power Armour,,,,,,,,,,,,,
n40_PERK_armor_mk7_raven_guard_,Mark VII Power Armour,,,,,,,,,,,,,
n40_PERK_armor_mk7_dark_angel,Mark VII Power Armour,,,,,,,,,,,,,
n40_PERK_armor_mk7_dark_angel_,Mark VII Power Armour,,,,,,,,,,,,,

n40_PERK_armor_sicarian,Sicarian Battle Armour,,,,,,,,,,,,,
n40_PERK_armor_sicarian_,"This armour is built out of the multilayered alloy, informally known as aegium, that provides admirable protection despite being thin and flexible. It acts as a capacitor that harnesses the energy of incoming attacks and disperses it across the wearer's energy system. Spirits of the machine, accept my plea and walk amidst the gun, and fire it true.",,,,,,,,,,,,,

n40_PERK_second_heart,Secondary Heart,,,,,,,,,,,,,
n40_PERK_second_heart_,"The Secondary Heart, also called the Maintainer, resembles a smaller version of the Human heart and is implanted in the chest cavity. In the event of failure of the Space Marine's original heart, the Secondary Heart is usually capable of pumping enough blood through the Astartes' circulatory system to maintain survival. Glory in death is life Eternal.",,,,,,,,,,,,,
n40_PERK_ossmodula,Ossmodula,,,,,,,,,,,,,
n40_PERK_ossmodula_,"The Ossmodula, also called the Ironheart, is surgically placed alongside the neophyte's pituitary gland at the base of the brain, thus becoming a part of the Space Marine's endocrine system, secretes a specially engineered form of human growth hormone. When the effects of this hormone are combined with a diet laced with microscopic ceramic-based minerals, they act to synthesise the rapid growth of an Astartes' skeleto-muscular system which results in an Astartes' superhuman strength and massive size compared to a baseline human male. Faith is your shield.",,,,,,,,,,,,,
n40_PERK_biscopea,Biscopea,,,,,,,,,,,,,
n40_PERK_biscopea_,"The Biscopea, also called the Forge of Strength, enhances a Space Marine's physical combat ability and survivability to superhuman levels should he live to become a full Astartes of a Space Marine Chapter. This organ is implanted into the chest cavity. It is small, approximately spherical and, like the Ossmodula, its primary action is hormonal. The presence of the Biscopea stimulates muscle growth throughout the body, greatly increasing a Space Marine's physical strength. A weapon cannot substitute for zeal.",,,,,,,,,,,,,
n40_PERK_larraman,Larraman's Organ,,,,,,,,,,,,,
n40_PERK_larraman_,"Larraman's Organ, also called the Healer, shaped like the Human liver but only the size of a golf ball, is placed within the chest cavity and manufactures the synthetic biological cells known as Larraman Cells. These biosynthetic cells serve the same physiological purpose for an Astartes as the normal Human body's platelets, serving to clot the blood lost from wounds, but act faster, more efficiently and more effectively. Losses are acceptable. Failure is not.",,,,,,,,,,,,,
n40_PERK_occulobe,Occulobe,,,,,,,,,,,,,
n40_PERK_occulobe_,"The Occulobe, also called the Eye of Vengeance, sits at the base of the brain after being implanted along the optic nerve and connected to the retina, and provides hormonal and genetic stimuli which enable a Space Marine's eyes to respond to the optic-therapy that all neophytes must undergo in their Chapter's Apothecarium to allow sight in low-light conditions and near-darkness almost as well as in bright daylight. In the darkest of moments, the Emperor’s light shines brightest.",,,,,,,,,,,,,
n40_PERK_sus_an,Sus-an Membrane,,,,,,,,,,,,,
n40_PERK_sus_an_,"The Sus-an Membrane, also called the Hibernator, implanted within the neophyte's cranium, eventually merges with the recipient's cerebrum, becoming a full part of his neural architecture. The organ's functions are ineffective without follow-up chemical therapy and training by a Chapter's Apothecaries, but with sufficient practice and instruction a Space Marine can use this implant to enter a state of suspended animation, consciously or as an automatic reaction to extreme trauma, keeping the wounded Space Marine alive for Terran years. Over the faithful, death has no dominion.",,,,,,,,,,,,,

n40_PERK_codex_mastery,Codex Mastery,,,,,,,,,,,,,
n40_PERK_codex_mastery_,"Superhuman memory combined with unbelievable discipline result in the thorough knowledge of the Codex Astartes. Such a remarkable achievement grants you a special blessing: every shot worthy of His finest warrior will be instantly replenished, so the enemies might taste even more of the glorious fury of thy weapons.",,,,,,,,,,,,,
n40_PERK_black_rage,Black Rage,,,,,,,,,,,,,
n40_PERK_black_rage_,"Burried deep inside you, a horrifying curse sleeps, a distant memory of the greatest betrayal, waiting for the chance to unleash upon the world and harvest the bloody crop of the enemies of the Imperium.",,,,,,,,,,,,,
n40_PERK_chogorian_savagery,Chogorian Savagery,,,,,,,,,,,,,
n40_PERK_chogorian_savagery_,"Your noble and valiant heart can't stand the scum that dares to oppose the might of your Primarch to the extend of throwing you into the battle rage in the heat of the fight.",,,,,,,,,,,,,
n40_PERK_emperors_praetorian,Emperor's Praetorian,,,,,,,,,,,,,
n40_PERK_emperors_praetorian_,"Unbreakable body and adamant mind result in an outstanding steadfastness, striking even for the Space Marine, making you a true Bastion of the Imperium.",,,,,,,,,,,,,
n40_PERK_fenrisian_blood,Fenrisian Blood,,,,,,,,,,,,,
n40_PERK_fenrisian_blood_,"Cold winds of Fenris and noble taste of Mjød tempered your body and spirit, so not only you have become near immune to the extremes of the frost but also gained a special ability of transforming inner heat into the pure power of the warrior's rage.",,,,,,,,,,,,,
n40_PERK_nocturne_forged,Nocturne Forged,,,,,,,,,,,,,
n40_PERK_nocturne_forged_,"A special kind of skin, bestowed upon you by the genes of the Primarch himself, allows you to survive an absolute extremes of the searing heat and effortlessly step through an incinerating inferno.",,,,,,,,,,,,,
n40_PERK_living_shadow,Living Shadow,,,,,,,,,,,,,
n40_PERK_living_shadow_,"Decades of nonstop practice allow you to position your body in such a way that it near completely fades into the background, making you effectively invisible to the naked eye, assuming you are stationary.",,,,,,,,,,,,,
n40_PERK_unchained,Unchained,,,,,,,,,,,,,
n40_PERK_unchained_,"You operate outside Imperium's jurisdiction. No secret shall remain veiled.",,,,,,,,,,,,,

n40_PERK_omnissiahs_blessing,Omnissiah's Blessing,,,,,,,,,,,,,
n40_PERK_omnissiahs_blessing_,"The vast majority of your body consists of highly advanced machinery which significantly enchanses your capabilities, provides solid foundation for futher augmentation and makes you immune to the most natural threats.",,,,,,,,,,,,,
n40_PERK_eternal_vigilance,Eternal Vigilance,,,,,,,,,,,,,
n40_PERK_eternal_vigilance_,"Your eyelids were replaced with a multipurpose visor system connected directly to the brain. It will display your position, speed and orientation, condition of the energy system, locations and threat levels of all detected enemies. It features the auspex, global success chance and threat level calculators, advanced entity scanner and centralized console output. It may also assume direct control over the servoskull and mechadedrites. Let its sophistication be the bane of your foes. Use the button in top left corner to change the modes. Press [DOWN]+[USE] to capture the target. See console log for futher info.",,,,,,,,,,,,,
n40_PERK_breath_of_mars,The Breath of Mars,,,,,,,,,,,,,
n40_PERK_breath_of_mars_,"Your respiratory system is represented by the cognis rebreather tubes that plunge deep into the chest. When necessary you may draw upon a reservoir of polluted gases harvested from the Red Planet itself.",,,,,,,,,,,,,
n40_PERK_mechadendrites,Mechadendrites,,,,,,,,,,,,,
n40_PERK_mechadendrites_,"A Mechadendrite is the term used for the bionic tentacle-like limb prosthetics. They are hard-wired into the central nervous system of the owner and surgically attached to the spine, so that user will be able to control them using neural impulses just like a biological limb.",,,,,,,,,,,,,



n40_CLASS_1,Adeptus Astartes,,,,,,,,,,,,,
n40_CLASS_1_,"Adeptus Astartes are fearsome warriors, created by the Emperor and forged by the millenia of neverending wars. Only one Space Marine can be compared to a battalion of regular troops and a company of Astartes is considered to be a sufficient enough force to kneel entire armies. They dominate the battlefield through raw power and resilience but their capabilities are drastically improved with application of outstanding tactics and inhuman skills granted by a dozen of Gene-Seed implants that unlock the true potential of human body.",,,,,,,,,,,,,
n40_CLASS_1_1,Neophyte,,,,,,,,,,,,,
n40_CLASS_1_1_,,,,,,,,,,,,,,
n40_CLASS_1_2,Firstborn Marine,,,,,,,,,,,,,
n40_CLASS_1_2_,,,,,,,,,,,,,,
n40_CLASS_1_2_1,Ultramarine,,,,,,,,,,,,,
n40_CLASS_1_2_1_,"Highly disciplined and courageous warriors, the Ultramarines have remained true to the teachings of their Primarch for 10,000 standard years. Utilizing Codex Astartes as their primary weapon, they are able to achieve outstanding tactical decisions, that alone were known to win wars which had already been considered a failure, not only completely obliterating the opposition but also preserving priceless resources. / Courage and Honour! /",,,,,,,,,,,,,
n40_CLASS_1_2_2,Blood Angel,,,,,,,,,,,,,
n40_CLASS_1_2_2_,"The Blood Angels are well-known across the galaxy for their bloodthirsty nature in battle, and feared for the curse of flawed gene-seed they carry, which, none-the-less, is the primary source of their terrifying combat performance. They were one of the most celebrated Legions: their countless heroic deeds and victories known to untold billions of the Emperor's subjects across the length and breadth of the Imperium. / By the Blood of Sanguinius! /",,,,,,,,,,,,,
n40_CLASS_1_2_3,Imperial Fist,,,,,,,,,,,,,
n40_CLASS_1_2_3_,"The Imperial Fists were one of the most valiant of all Legions, held as paragons of all the principles to which a Space Marine is heir. They stand as the steadfast defenders of the Imperium, crashing adversary armies for millenias. Indeed, if the Fists have a fault, it is that they continue to strive when others would yield or withdraw, but this comes only at a steep cost in lives. / Primarch, to your glory and the glory of Him on Terra! /",,,,,,,,,,,,,
n40_CLASS_1_2_4,White Scar,,,,,,,,,,,,,
n40_CLASS_1_2_4_,"Known and feared throughout the Imperium for their highly mobile way of war, the White Scars are considered the masters of the lightning strike and hit-and-run attack. Bearing the ritual scars of bravery, these fierce warriors fight with all the tribal savagery that define the fierce steppe nomads of their homeworld bringing swift death to all of the enemies of the mankind. / For the Emperor and the Khan! /",,,,,,,,,,,,,
n40_CLASS_1_2_5,Iron Hand,,,,,,,,,,,,,
n40_CLASS_1_2_5_,"The Iron Hands are ultimately defined by their hatred of weakness of any kind, a hatred that extends to their own bodies, for they hold that all organic limbs are ultimately frail and subject to the weaknesses brought on by age and disease, compulsively driven to augment their flesh. In battle, they utilise their anger and hatred, identifying enemies' vulnerabilities and exploiting them ruthlessly. / The Flesh is Weak! /",,,,,,,,,,,,,
n40_CLASS_1_2_6,Space Wolf,,,,,,,,,,,,,
n40_CLASS_1_2_6_,"Nurtured among ones of the most hostile predators known to mankind and tempered in deadly permafrost of their homeworld, the Space Wolves were one of the most savage Legiones Astartes in the Imperium. Wild and glorious, brute and perseptive, loyal and horrifying, they are ready to decimate anyone who dares to offend their King or even thinks of foul tricks on the battlefield. / For Russ and the All-father! /",,,,,,,,,,,,,
n40_CLASS_1_2_7,Salamander,,,,,,,,,,,,,
n40_CLASS_1_2_7_,"Craftsmen and artificers, the Salamanders know the true price of every creation be it a machine or a living thing. Such an invaluable knowledge results in the believe that their most important duty is to protect the innocent lives whenever and wherever possible. They are also fascinated by the fire in all of its hypostases, seeing it as the greatest tool and utilizing as the most powerful weapon. / Into the fires of battle, unto the Anvil of War! /",,,,,,,,,,,,,
n40_CLASS_1_2_8,Raven Guard,,,,,,,,,,,,,
n40_CLASS_1_2_8_,"From it earliest days, the Raven Guard Legion was known as a regiment of cunning and patient hunters, adept at biding their time until the moment to strike was at hand. For thousands of standard years, across thousands of worlds, they stalked the enemies of the Imperium as shadows of death, waiting for the perfect moment to deliver the killing blow before melting back into the darkness once more, leaving no witnesses and no unnessesary casualities behind. / Victory or Death! /",,,,,,,,,,,,,
n40_CLASS_1_2_9,Dark Angel,,,,,,,,,,,,,
n40_CLASS_1_2_9_,"The Dark Angels were one of the most cryptic Legions. They fought uncountable wars against never seen before and never discovered again enemies, held numerous horrifyingly heretical secrets and were responsible for several of the most glorious victories of the Imperium. The capabilities of their arsenal can't be rivaled with and their combat potential is unmatched, much like the fury that the Angels unleash upon those who betrayed their brotherhood. / Repent! For tomorrow you die! /",,,,,,,,,,,,,
n40_CLASS_1_3,Warsuit Veteran,,,,,,,,,,,,,
n40_CLASS_1_3_,,,,,,,,,,,,,,
n40_CLASS_1_4,Moritat Warrior,,,,,,,,,,,,,
n40_CLASS_1_4_,,,,,,,,,,,,,,

n40_CLASS_2,Astra Militarum,,,,,,,,,,,,,
n40_CLASS_2_,,,,,,,,,,,,,,
n40_CLASS_2_1,,,,,,,,,,,,,,
n40_CLASS_2_1_,,,,,,,,,,,,,,
n40_CLASS_2_2,,,,,,,,,,,,,,
n40_CLASS_2_2_,,,,,,,,,,,,,,
n40_CLASS_2_3,,,,,,,,,,,,,,
n40_CLASS_2_3_,,,,,,,,,,,,,,
n40_CLASS_2_4,,,,,,,,,,,,,,
n40_CLASS_2_4_,,,,,,,,,,,,,,

n40_CLASS_3,Adeptus Mechanicus,,,,,,,,,,,,,
n40_CLASS_3_,,,,,,,,,,,,,,
n40_CLASS_3_1,Legiones Skitarii,,,,,,,,,,,,,
n40_CLASS_3_1_,,,,,,,,,,,,,,
n40_CLASS_3_2,Tech-Priesthood,,,,,,,,,,,,,
n40_CLASS_3_2_,"Tech-Priests are the members of the Machine Cult, a priesthood which forms an hierarchy of technicians, scientists, and religious leaders who believe that knowledge represents the only true divinity in the universe. Their bodies are often heavily augmented in the pursuit to please the Machine God, Omnissiah. However, despite the never-ending thirst for knowledge of all branches of the order, most Tech-Priests have lost the ability to innovate or carry out basic scientific research - that is the price of 10,000 years of neverending wars and all-consuming stagnation.",,,,,,,,,,,,,
n40_CLASS_3_2_1,Magos Explorator,,,,,,,,,,,,,
n40_CLASS_3_2_1_,"Adeptus Mechanicus are well known for their frenetic obsession with technology as well as for how little innovative minds are left amongst them. However, no matter how few, those members of the Machine Cult often play key roles in the history of the Imperium and their name - Explorators. Armed to the teeth with forbidden technologies, extensive knowledge of numerous dark secrets and truly undying urge for discovery, they represent the Omnissiah in all of its terrifying glory, eager to save and ready to destroy.",,,,,,,,,,,,,
n40_CLASS_3_3,Legio Cybernetica,,,,,,,,,,,,,
n40_CLASS_3_3_,,,,,,,,,,,,,,
n40_CLASS_3_4,Auxilia Myrmidon,,,,,,,,,,,,,
n40_CLASS_3_4_,,,,,,,,,,,,,,

n40_CLASS_4,Adeptus Astra Telepathica,,,,,,,,,,,,,
n40_CLASS_4_,,,,,,,,,,,,,,
n40_CLASS_4_1,,,,,,,,,,,,,,
n40_CLASS_4_1_,,,,,,,,,,,,,,
n40_CLASS_4_2,,,,,,,,,,,,,,
n40_CLASS_4_2_,,,,,,,,,,,,,,
n40_CLASS_4_3,,,,,,,,,,,,,,
n40_CLASS_4_3_,,,,,,,,,,,,,,
n40_CLASS_4_4,,,,,,,,,,,,,,
n40_CLASS_4_4_,,,,,,,,,,,,,,

n40_CLASS_5,Officio Assassinorum,,,,,,,,,,,,,
n40_CLASS_5_,,,,,,,,,,,,,,
n40_CLASS_5_1,,,,,,,,,,,,,,
n40_CLASS_5_1_,,,,,,,,,,,,,,
n40_CLASS_5_2,,,,,,,,,,,,,,
n40_CLASS_5_2_,,,,,,,,,,,,,,
n40_CLASS_5_3,,,,,,,,,,,,,,
n40_CLASS_5_3_,,,,,,,,,,,,,,
n40_CLASS_5_4,,,,,,,,,,,,,,
n40_CLASS_5_4_,,,,,,,,,,,,,,

n40_CLASS_6,Inquisition,,,,,,,,,,,,,
n40_CLASS_6_,,,,,,,,,,,,,,
n40_CLASS_6_1,Ordo Hereticus,,,,,,,,,,,,,
n40_CLASS_6_1_,,,,,,,,,,,,,,
n40_CLASS_6_1_1,Adepta Sororitas,,,,,,,,,,,,,
n40_CLASS_6_1_1_,,,,,,,,,,,,,,
n40_CLASS_6_2,Ordo Xenos,,,,,,,,,,,,,
n40_CLASS_6_2_,,,,,,,,,,,,,,
n40_CLASS_6_3,Ordo Malleus,,,,,,,,,,,,,
n40_CLASS_6_3_,,,,,,,,,,,,,,
n40_CLASS_6_4,Ordos Minoris,,,,,,,,,,,,,
n40_CLASS_6_4_,,,,,,,,,,,,,,

n40_CLASS_7,Adeptus Terra,,,,,,,,,,,,,
n40_CLASS_7_,,,,,,,,,,,,,,
n40_CLASS_7_1,,,,,,,,,,,,,,
n40_CLASS_7_1_,,,,,,,,,,,,,,
n40_CLASS_7_2,,,,,,,,,,,,,,
n40_CLASS_7_2_,,,,,,,,,,,,,,
n40_CLASS_7_3,,,,,,,,,,,,,,
n40_CLASS_7_3_,,,,,,,,,,,,,,
n40_CLASS_7_4,,,,,,,,,,,,,,
n40_CLASS_7_4_,,,,,,,,,,,,,,

n40_CLASS_8,Adeptus Ministorum,,,,,,,,,,,,,
n40_CLASS_8_,,,,,,,,,,,,,,
n40_CLASS_8_1,,,,,,,,,,,,,,
n40_CLASS_8_1_,,,,,,,,,,,,,,
n40_CLASS_8_2,,,,,,,,,,,,,,
n40_CLASS_8_2_,,,,,,,,,,,,,,
n40_CLASS_8_3,,,,,,,,,,,,,,
n40_CLASS_8_3_,,,,,,,,,,,,,,
n40_CLASS_8_4,,,,,,,,,,,,,,
n40_CLASS_8_4_,,,,,,,,,,,,,,

n40_CLASS_9,Leagues of Votann,,,,,,,,,,,,,
n40_CLASS_9_,,,,,,,,,,,,,,
n40_CLASS_9_1,,,,,,,,,,,,,,
n40_CLASS_9_1_,,,,,,,,,,,,,,
n40_CLASS_9_2,,,,,,,,,,,,,,
n40_CLASS_9_2_,,,,,,,,,,,,,,
n40_CLASS_9_3,,,,,,,,,,,,,,
n40_CLASS_9_3_,,,,,,,,,,,,,,
n40_CLASS_9_4,,,,,,,,,,,,,,
n40_CLASS_9_4_,,,,,,,,,,,,,,

n40_CLASS_10,Talons of the Emperor,,,,,,,,,,,,,
n40_CLASS_10_,,,,,,,,,,,,,,
n40_CLASS_10_1,,,,,,,,,,,,,,
n40_CLASS_10_1_,,,,,,,,,,,,,,
n40_CLASS_10_2,,,,,,,,,,,,,,
n40_CLASS_10_2_,,,,,,,,,,,,,,
n40_CLASS_10_3,,,,,,,,,,,,,,
n40_CLASS_10_3_,,,,,,,,,,,,,,
n40_CLASS_10_4,,,,,,,,,,,,,,
n40_CLASS_10_4_,,,,,,,,,,,,,,

n40_CLASS_11,Faith Daemons,,,,,,,,,,,,,
n40_CLASS_11_,,,,,,,,,,,,,,
n40_CLASS_11_1,,,,,,,,,,,,,,
n40_CLASS_11_1_,,,,,,,,,,,,,,
n40_CLASS_11_2,,,,,,,,,,,,,,
n40_CLASS_11_2_,,,,,,,,,,,,,,
n40_CLASS_11_3,,,,,,,,,,,,,,
n40_CLASS_11_3_,,,,,,,,,,,,,,
n40_CLASS_11_4,,,,,,,,,,,,,,
n40_CLASS_11_4_,,,,,,,,,,,,,,

n40_CLASS_12,Alpha Legionnaire,,,,,,,,,,,,,
n40_CLASS_12_,,,,,,,,,,,,,,
n40_CLASS_12_1,,,,,,,,,,,,,,
n40_CLASS_12_1_,,,,,,,,,,,,,,
n40_CLASS_12_2,,,,,,,,,,,,,,
n40_CLASS_12_2_,,,,,,,,,,,,,,
n40_CLASS_12_3,,,,,,,,,,,,,,
n40_CLASS_12_3_,,,,,,,,,,,,,,
n40_CLASS_12_4,,,,,,,,,,,,,,
n40_CLASS_12_4_,,,,,,,,,,,,,,

n40_CLASS_13,The Five,,,,,,,,,,,,,
n40_CLASS_13_,,,,,,,,,,,,,,
n40_CLASS_13_1,,,,,,,,,,,,,,
n40_CLASS_13_1_,,,,,,,,,,,,,,
n40_CLASS_13_2,,,,,,,,,,,,,,
n40_CLASS_13_2_,,,,,,,,,,,,,,
n40_CLASS_13_3,,,,,,,,,,,,,,
n40_CLASS_13_3_,,,,,,,,,,,,,,
n40_CLASS_13_4,,,,,,,,,,,,,,
n40_CLASS_13_4_,,,,,,,,,,,,,,

n40_CLASS_14,Fabulas Ultra,,,,,,,,,,,,,
n40_CLASS_14_,,,,,,,,,,,,,,
n40_CLASS_14_1,,,,,,,,,,,,,,
n40_CLASS_14_1_,,,,,,,,,,,,,,
n40_CLASS_14_2,,,,,,,,,,,,,,
n40_CLASS_14_2_,,,,,,,,,,,,,,
n40_CLASS_14_3,,,,,,,,,,,,,,
n40_CLASS_14_3_,,,,,,,,,,,,,,
n40_CLASS_14_4,,,,,,,,,,,,,,
n40_CLASS_14_4_,,,,,,,,,,,,,,

n40_CLASS_15,CUSTOM,,,,,,,,,,,,,
n40_CLASS_15_,"default spot for extensions",,,,,,,,,,,,,



n40_CODEX_briefing,"{""General"",""Codex will teach you some of the background lore and mechanics of this mod."",""Check Main/Pause Menu -> Options -> Mod Settings -> Noita40K for further info. You can also find a complete breakdown of the majority of mod features at mods/[mod_id]/libro_manualis."",},{""Controls"",""Double tap [USE] to reload the gun in hand."",""Some of the equipment has special functionality that may be activated either via the [RMB] or [USE] + [DOWN] combo. Check corresponding info pages for more detailed description."",},{""Kinda_Important_Stuff"",""The buttons right below will switch the panels. Everything that looks like a button is most likely a button - don't hesitate to click it."",},{""Vanilla_Tips"",""You are expected to already know the basics of the vanilla, so be sure to complete the game at least once before proceeding."",""You can read descriptions of any items by mousing over their icons with opened inventory."",""You can drink from any liquid containing item via the [RMB] on its inventory icon."",},{""Extra"",""This mod supports extensions. Check ""Extensions"" thread at Steam mod page for examples and/or already published works.""}",,,,,,,,,,,,,

n40_CODEX_credits_author_code,Logic by,,,,,,,,,,,,,
n40_CODEX_credits_author_sprites,Graphics by,,,,,,,,,,,,,
n40_CODEX_credits_author_extra,Additional Contributions by,,,,,,,,,,,,,
n40_CODEX_credits_patreon,Enabled by,,,,,,,,,,,,,
n40_CODEX_credits_extra,Special Thanks to,,,,,,,,,,,,,



n40_EXTRA_quotes,"{""Fear not death, for the soul of the faithful man never dies."",""Duty prevails."",""Victory needs no explanation, defeat allows none."",""To admit defeat is to blaspheme against the Emperor."",""Let faith protect your mind and metal your flesh.""}",,,,,,,,,,,,,